Program Name,Department Code,Session Name,Semester,Section Names,Student Strengths
BCA (Hons.) + Cyber,CSAE,JULY - DEC 2026,1,A,
BCA (AI/ML - IBM),CSAE,JULY - DEC 2026,1,"B1, B2",
BTech CSE (AI/ML),CSAE,JULY - DEC 2026,1,"B1, B2",
BTech CSE (AI/DS),CSAE,JULY - DEC 2026,1,B1,
BTech CSE (AI/DS + Cyber),CSAE,JULY - DEC 2026,1,B2,
MCA,CSAE,JULY - DEC 2026,1,A,
BSc (IT),CSAE,JULY - DEC 2026,3,A,
BCA (Hons.),CSAE,JULY - DEC 2026,3,A,
BCA (AI/ML - IBM),CSAE,JULY - DEC 2026,3,"B1, B2",
MCA,CSAE,JULY - DEC 2026,3,A,
BTech CSE,CSAE,JULY - DEC 2026,3,A,
BTech CSE (AI/DS),CSAE,JULY - DEC 2026,3,B1,
BTech CSE (AI/DS + Cyber),CSAE,JULY - DEC 2026,3,B2,
BTech CSE (AI/ML),CSAE,JULY - DEC 2026,3,"B1, B2",
Diploma (CSE),CSAE,JULY - DEC 2026,3,A,
BCA,CSAE,JULY - DEC 2026,5,A,
BCA (AI/ML - IBM),CSAE,JULY - DEC 2026,5,A,
BSc (IT),CSAE,JULY - DEC 2026,5,A,
BTech CSE,CSAE,JULY - DEC 2026,5,"B1, B2",
BTech CSE (AI/DS),CSAE,JULY - DEC 2026,5,"B1, B2",
BTech CSE (Cyber),CSAE,JULY - DEC 2026,5,A,
BTech CSE (AI/ML),CSAE,JULY - DEC 2026,5,A,
Diploma (CSE),CSAE,JULY - DEC 2026,5,A,
BSc (IT),CSAE,JULY - DEC 2026,7,A,
BCA,CSAE,JULY - DEC 2026,7,A,
BTech CSE,CSAE,JULY - DEC 2026,7,"B1, B2",
BTech CSE (Cyber),CSAE,JULY - DEC 2026,7,A,
BTech CSE (AI/DS),CSAE,JULY - DEC 2026,7,"B1, B2",
